{"data":{"contentfulNav":{"name":"Top Nav","slug":"top-nav","links":[{"name":"Menu","slug":"menu","type":"Text","displayText":"Menu","path":"/order-online","url":null,"target":null,"pageLinks":[{"id":"69733a28-4546-5261-9a75-ed8779a4ad33","name":"EXAMPLE - DO NOT DELETE","slug":"example-do-not-delete","headline":"Example Page","subHeading":"This is an example page.","contentful_id":"5QNCinyd6oYSqqKsOasMAy"}],"subLinks":null},{"name":"Catering","slug":"catering","type":"Text","displayText":"Catering","path":null,"url":null,"target":null,"pageLinks":[{"id":"6e1220a5-ca78-586b-a6b0-a428406bc7fc","name":"Online Catering Menu","slug":"online-catering-menu","headline":null,"subHeading":null,"contentful_id":"7dYnXRtzO4IzYusAlby7Hj"}],"subLinks":null},{"name":"About","slug":"about","type":"Text","displayText":"About","path":"/about","url":null,"target":null,"pageLinks":null,"subLinks":null},{"name":"Contact","slug":"contact","type":"Text","displayText":"Contact","path":null,"url":null,"target":null,"pageLinks":[{"id":"83dc9c53-78f6-5996-b246-eed18bc9910a","name":"Contact","slug":"contact","headline":"Contact Us","subHeading":null,"contentful_id":"7xbo0wKFpDgdmpW45LuXLu"}],"subLinks":null}]}}}