{"data":{"contentfulNav":{"name":"Bottom Nav","slug":"bottom-nav","links":[{"name":"About","slug":"about","type":"Text","displayText":"About","path":"/about","url":null,"target":null,"pageLinks":null,"subLinks":null},{"name":"Contact","slug":"contact","type":"Text","displayText":"Contact","path":null,"url":null,"target":null,"pageLinks":[{"id":"83dc9c53-78f6-5996-b246-eed18bc9910a","name":"Contact","slug":"contact","headline":"Contact Us","subHeading":null,"contentful_id":"7xbo0wKFpDgdmpW45LuXLu"}],"subLinks":null},{"name":"Jobs","slug":"jobs","type":"Text","displayText":"Jobs","path":null,"url":null,"target":null,"pageLinks":[{"id":"1e5dae84-bc7a-5069-b0b7-a55557395fd5","name":"Jobs","slug":"jobs","headline":null,"subHeading":null,"contentful_id":"4dA2qXOCn02qhGVHYUg3Ff"}],"subLinks":null},{"name":"Locations","slug":"locations","type":"Text","displayText":"Locations","path":null,"url":null,"target":null,"pageLinks":[{"id":"660b9d1d-4100-58cf-984a-91ecc0612774","name":"Locations","slug":"locations","headline":"Locations","subHeading":null,"contentful_id":"5x2q9X8RiOwXCtNtjDqTNu"}],"subLinks":null}]}}}