{"data":{"contentfulPage":{"name":"Locations","slug":"locations","contentful_id":"5x2q9X8RiOwXCtNtjDqTNu","headline":"Locations","subHeading":null,"body":{"childMarkdownRemark":{"html":"<h2 id=\"san-francisco-financial-district-location\"><a href=\"#san-francisco-financial-district-location\" aria-label=\"san francisco financial district location permalink\" class=\"anchor\"><svg aria-hidden=\"true\" focusable=\"false\" height=\"16\" version=\"1.1\" viewBox=\"0 0 16 16\" width=\"16\"><path fill-rule=\"evenodd\" d=\"M4 9h1v1H4c-1.5 0-3-1.69-3-3.5S2.55 3 4 3h4c1.45 0 3 1.69 3 3.5 0 1.41-.91 2.72-2 3.25V8.59c.58-.45 1-1.27 1-2.09C10 5.22 8.98 4 8 4H4c-.98 0-2 1.22-2 2.5S3 9 4 9zm9-3h-1v1h1c1 0 2 1.22 2 2.5S13.98 12 13 12H9c-.98 0-2-1.22-2-2.5 0-.83.42-1.64 1-2.09V6.25c-1.09.53-2 1.84-2 3.25C6 11.31 7.55 13 9 13h4c1.45 0 3-1.69 3-3.5S14.5 6 13 6z\"></path></svg></a>San Francisco Financial District Location</h2>\n<p>Call for take away Phone - 415-772-9134</p>\n<p>Opening Hours : 11:00am to 8:00pm (Monday to Thursday) and 11:00am to 3:00pm (Friday)</p>\n<p>41 Montgomery (@ Sutter), (Near Montgomery BART Station), San Francisco, CA 94104</p>\n<p>Email: <a href=\"mailto:info@eatatbamboo.com\" title=\"info@eatatbamboo.com\">info@eatatbamboo.com</a></p>\n<iframe src=\"https://www.google.com/maps/embed?pb=!1m14!1m8!1m3!1d12612.045686109017!2d-122.4023529!3d37.7897721!3m2!1i1024!2i768!4f13.1!3m3!1m2!1s0x0%3A0x57d35d8fae11d265!2sBamboo+Asia!5e0!3m2!1sen!2sus!4v1538845099651\" width=\"600\" height=\"450\" frameborder=\"0\" style=\"border:0\" allowfullscreen></iframe>\n<h2 id=\"san-francisco-federal-building\"><a href=\"#san-francisco-federal-building\" aria-label=\"san francisco federal building permalink\" class=\"anchor\"><svg aria-hidden=\"true\" focusable=\"false\" height=\"16\" version=\"1.1\" viewBox=\"0 0 16 16\" width=\"16\"><path fill-rule=\"evenodd\" d=\"M4 9h1v1H4c-1.5 0-3-1.69-3-3.5S2.55 3 4 3h4c1.45 0 3 1.69 3 3.5 0 1.41-.91 2.72-2 3.25V8.59c.58-.45 1-1.27 1-2.09C10 5.22 8.98 4 8 4H4c-.98 0-2 1.22-2 2.5S3 9 4 9zm9-3h-1v1h1c1 0 2 1.22 2 2.5S13.98 12 13 12H9c-.98 0-2-1.22-2-2.5 0-.83.42-1.64 1-2.09V6.25c-1.09.53-2 1.84-2 3.25C6 11.31 7.55 13 9 13h4c1.45 0 3-1.69 3-3.5S14.5 6 13 6z\"></path></svg></a>San Francisco Federal Building</h2>\n<iframe src=\"https://www.google.com/maps/embed?pb=!1m18!1m12!1m3!1d3153.4610733346285!2d-122.4135032488943!3d37.779233019576225!2m3!1f0!2f0!3f0!3m2!1i1024!2i768!4f13.1!3m3!1m2!1s0x8085808360795555%3A0x268c1a62603e82df!2sAnonymous+Asian!5e0!3m2!1sen!2sus!4v1538845183122\" width=\"600\" height=\"450\" frameborder=\"0\" style=\"border:0\" allowfullscreen></iframe>"}},"hero":null,"seo":null,"pageSections":null}},"pageContext":{"isCreatedByStatefulCreatePages":false,"slug":"locations"}}